{"cameraMode":{"drawMode":0,"name":"Shaded","section":"Shading Mode"},"sceneLighting":false,"audioPlay":false,"sceneViewState":{"showFog":true,"showMaterialUpdate":false,"showSkybox":false,"showFlares":true,"showImageEffects":true,"showParticleSystems":true},"in2DMode":false,"pivot":{"x":-21.202442169189454,"y":-16.922536849975587,"z":-379.5269470214844},"rotation":{"x":0.0006352614145725966,"y":-0.9995518326759338,"z":0.02399126999080181,"w":0.02158326655626297},"size":191.3473663330078,"orthographic":false}