{"cameraMode":{"drawMode":0,"name":"Shaded","section":"Shading Mode"},"sceneLighting":true,"audioPlay":false,"sceneViewState":{"showFog":true,"showMaterialUpdate":false,"showSkybox":true,"showFlares":true,"showImageEffects":true,"showParticleSystems":true},"in2DMode":false,"pivot":{"x":-4.434573650360107,"y":2.904222249984741,"z":1.7237011194229127},"rotation":{"x":-0.06633476167917252,"y":-0.8676708936691284,"z":0.12052227556705475,"w":-0.4778631925582886},"size":1.299038052558899,"orthographic":false}