{"cameraMode":{"drawMode":0,"name":"Shaded","section":"Shading Mode"},"sceneLighting":true,"audioPlay":false,"sceneViewState":{"showFog":true,"showMaterialUpdate":false,"showSkybox":true,"showFlares":true,"showImageEffects":true,"showParticleSystems":true},"in2DMode":false,"pivot":{"x":-21.04625129699707,"y":-4.857437610626221,"z":-16.824790954589845},"rotation":{"x":-0.05304349586367607,"y":0.8058449029922485,"z":-0.07294688373804093,"w":-0.5853224396705627},"size":18.13216209411621,"orthographic":false}