{"cameraMode":{"drawMode":0,"name":"Shaded","section":"Shading Mode"},"sceneLighting":true,"audioPlay":false,"sceneViewState":{"showFog":true,"showMaterialUpdate":false,"showSkybox":true,"showFlares":true,"showImageEffects":true,"showParticleSystems":true},"in2DMode":false,"pivot":{"x":1.8818023204803467,"y":2.898552894592285,"z":0.2240353226661682},"rotation":{"x":0.08488769084215164,"y":-0.8180786371231079,"z":0.12517115473747254,"w":0.5550143122673035},"size":1.2247449159622193,"orthographic":false}