{"cameraMode":{"drawMode":0,"name":"Shaded","section":"Shading Mode"},"sceneLighting":true,"audioPlay":false,"sceneViewState":{"showFog":true,"showMaterialUpdate":false,"showSkybox":true,"showFlares":true,"showImageEffects":true,"showParticleSystems":true},"in2DMode":false,"pivot":{"x":-14.437102317810059,"y":-12.765593528747559,"z":0.6921036243438721},"rotation":{"x":-0.27195319533348086,"y":0.604783296585083,"z":-0.2309596687555313,"w":-0.7120732665061951},"size":18.168954849243165,"orthographic":false}