{"cameraMode":{"drawMode":0,"name":"Shaded","section":"Shading Mode"},"sceneLighting":false,"audioPlay":false,"sceneViewState":{"showFog":true,"showMaterialUpdate":false,"showSkybox":false,"showFlares":true,"showImageEffects":true,"showParticleSystems":true},"in2DMode":false,"pivot":{"x":-1.6703307628631592,"y":-0.6552473306655884,"z":-6.683461666107178},"rotation":{"x":-0.009485420770943165,"y":0.9900476336479187,"z":-0.0818663164973259,"w":-0.11486265808343888},"size":5.864352226257324,"orthographic":false}