{"cameraMode":{"drawMode":0,"name":"Shaded","section":"Shading Mode"},"sceneLighting":true,"audioPlay":false,"sceneViewState":{"showFog":true,"showMaterialUpdate":false,"showSkybox":true,"showFlares":true,"showImageEffects":true,"showParticleSystems":true},"in2DMode":false,"pivot":{"x":0.6766504645347595,"y":2.096281051635742,"z":-1.641632080078125},"rotation":{"x":0.25051480531692507,"y":0.11324138939380646,"z":-0.029544571414589883,"w":0.9610387086868286},"size":1.837117314338684,"orthographic":false}