{"cameraMode":{"drawMode":0,"name":"Shaded","section":"Shading Mode"},"sceneLighting":true,"audioPlay":false,"sceneViewState":{"showFog":true,"showMaterialUpdate":false,"showSkybox":true,"showFlares":true,"showImageEffects":true,"showParticleSystems":true},"in2DMode":false,"pivot":{"x":-3.57472562789917,"y":0.6504379510879517,"z":3.6280288696289064},"rotation":{"x":-0.12117493897676468,"y":0.02593250200152397,"z":-0.003069923259317875,"w":-0.9923893809318543},"size":3.7175259590148927,"orthographic":false}