{"cameraMode":{"drawMode":0,"name":"Shaded","section":"Shading Mode"},"sceneLighting":true,"audioPlay":false,"sceneViewState":{"showFog":true,"showMaterialUpdate":false,"showSkybox":true,"showFlares":true,"showImageEffects":true,"showParticleSystems":true},"in2DMode":false,"pivot":{"x":-1.9358597993850709,"y":3.2308349609375,"z":4.514745712280273},"rotation":{"x":0.0034695006906986238,"y":-0.9942819476127625,"z":0.10176756978034973,"w":0.033409055322408679},"size":0.7574628591537476,"orthographic":false}