{"cameraMode":{"drawMode":0,"name":"Shaded","section":"Shading Mode"},"sceneLighting":true,"audioPlay":false,"sceneViewState":{"showFog":true,"showMaterialUpdate":false,"showSkybox":true,"showFlares":true,"showImageEffects":true,"showParticleSystems":true},"in2DMode":false,"pivot":{"x":-1.2082364559173585,"y":2.2395458221435549,"z":3.3890492916107179},"rotation":{"x":0.0018778000958263875,"y":0.9981176257133484,"z":-0.04344628378748894,"w":0.04344576969742775},"size":0.3041381239891052,"orthographic":false}