{"cameraMode":{"drawMode":0,"name":"Shaded","section":"Shading Mode"},"sceneLighting":true,"audioPlay":false,"sceneViewState":{"showFog":true,"showMaterialUpdate":false,"showSkybox":true,"showFlares":true,"showImageEffects":true,"showParticleSystems":true},"in2DMode":false,"pivot":{"x":0.6674935817718506,"y":2.842719078063965,"z":1.4839842319488526},"rotation":{"x":0.0021796608343720438,"y":-0.9801267385482788,"z":0.19848854839801789,"w":0.010887091048061848},"size":1.2247449159622193,"orthographic":false}