{"cameraMode":{"drawMode":0,"name":"Shaded","section":"Shading Mode"},"sceneLighting":true,"audioPlay":false,"sceneViewState":{"showFog":true,"showMaterialUpdate":false,"showSkybox":true,"showFlares":true,"showImageEffects":true,"showParticleSystems":true},"in2DMode":false,"pivot":{"x":759.5828247070313,"y":591.6297607421875,"z":77.78143310546875},"rotation":{"x":0.21980415284633637,"y":0.057318251579999927,"z":-0.01296183466911316,"w":0.9737985730171204},"size":599.7809448242188,"orthographic":false}