{"cameraMode":{"drawMode":0,"name":"Shaded","section":"Shading Mode"},"sceneLighting":false,"audioPlay":false,"sceneViewState":{"showFog":true,"showMaterialUpdate":false,"showSkybox":false,"showFlares":true,"showImageEffects":true,"showParticleSystems":true},"in2DMode":false,"pivot":{"x":-0.9428786039352417,"y":1.004297137260437,"z":3.885359764099121},"rotation":{"x":-0.006997627671808004,"y":-0.9865483045578003,"z":0.04444033280014992,"w":-0.15760253369808198},"size":5.680627822875977,"orthographic":false}