{"cameraMode":{"drawMode":0,"name":"Shaded","section":"Shading Mode"},"sceneLighting":false,"audioPlay":false,"sceneViewState":{"showFog":true,"showMaterialUpdate":false,"showSkybox":false,"showFlares":true,"showImageEffects":true,"showParticleSystems":true},"in2DMode":false,"pivot":{"x":0.4388009011745453,"y":-1.4100124835968018,"z":-8.156380653381348},"rotation":{"x":-0.0031231865286827089,"y":-0.9902923703193665,"z":0.13753663003444673,"w":-0.023198729380965234},"size":5.680627822875977,"orthographic":false}