{"cameraMode":{"drawMode":0,"name":"Shaded","section":"Shading Mode"},"sceneLighting":true,"audioPlay":false,"sceneViewState":{"showFog":true,"showMaterialUpdate":false,"showSkybox":true,"showFlares":true,"showImageEffects":true,"showParticleSystems":true},"in2DMode":false,"pivot":{"x":-0.47108083963394167,"y":2.3537161350250246,"z":4.889603137969971},"rotation":{"x":0.004028136841952801,"y":-0.996016800403595,"z":0.05832940340042114,"w":0.06792454421520233},"size":0.7574628591537476,"orthographic":false}