{"cameraMode":{"drawMode":0,"name":"Shaded","section":"Shading Mode"},"sceneLighting":true,"audioPlay":false,"sceneViewState":{"showFog":true,"showMaterialUpdate":false,"showSkybox":true,"showFlares":true,"showImageEffects":true,"showParticleSystems":true},"in2DMode":false,"pivot":{"x":5.2314581871032719,"y":8.725380897521973,"z":1.1740442514419556},"rotation":{"x":0.15948635339736939,"y":-0.6861739754676819,"z":0.1581066995859146,"w":0.6919453740119934},"size":6.607396125793457,"orthographic":false}