{"cameraMode":{"drawMode":0,"name":"Shaded","section":"Shading Mode"},"sceneLighting":true,"audioPlay":false,"sceneViewState":{"showFog":true,"showMaterialUpdate":false,"showSkybox":true,"showFlares":true,"showImageEffects":true,"showParticleSystems":true},"in2DMode":false,"pivot":{"x":3.9999313354492189,"y":7.915311813354492,"z":-13.857861518859864},"rotation":{"x":-0.030724460259079934,"y":-0.9657113552093506,"z":0.2198195606470108,"w":-0.13500255346298219},"size":10.0,"orthographic":false}