{"cameraMode":{"drawMode":0,"name":"Shaded","section":"Shading Mode"},"sceneLighting":true,"audioPlay":false,"sceneViewState":{"showFog":true,"showMaterialUpdate":false,"showSkybox":true,"showFlares":true,"showImageEffects":true,"showParticleSystems":true},"in2DMode":false,"pivot":{"x":-0.4528956413269043,"y":2.3960421085357668,"z":-4.645256042480469},"rotation":{"x":-0.14499805867671967,"y":0.008042586036026478,"z":-0.0010819139424711466,"w":-0.9895007014274597},"size":3.7175259590148927,"orthographic":false}