{"cameraMode":{"drawMode":0,"name":"Shaded","section":"Shading Mode"},"sceneLighting":false,"audioPlay":false,"sceneViewState":{"showFog":true,"showMaterialUpdate":false,"showSkybox":false,"showFlares":true,"showImageEffects":true,"showParticleSystems":true},"in2DMode":false,"pivot":{"x":-0.6811341643333435,"y":2.0233538150787355,"z":-5.373884201049805},"rotation":{"x":0.0014210869558155537,"y":0.9972954392433167,"z":0.01944851316511631,"w":-0.07192929089069367},"size":5.864352226257324,"orthographic":false}