{"cameraMode":{"drawMode":0,"name":"Shaded","section":"Shading Mode"},"sceneLighting":true,"audioPlay":false,"sceneViewState":{"showFog":true,"showMaterialUpdate":false,"showSkybox":true,"showFlares":true,"showImageEffects":true,"showParticleSystems":true},"in2DMode":false,"pivot":{"x":748.070068359375,"y":459.38641357421877,"z":-204.1068115234375},"rotation":{"x":-0.08390022069215775,"y":0.009265935979783535,"z":0.0007649321923963726,"w":0.9964538216590881},"size":406.7950134277344,"orthographic":false}