{"cameraMode":{"drawMode":0,"name":"Shaded","section":"Shading Mode"},"sceneLighting":true,"audioPlay":false,"sceneViewState":{"showFog":true,"showMaterialUpdate":false,"showSkybox":true,"showFlares":true,"showImageEffects":true,"showParticleSystems":true},"in2DMode":false,"pivot":{"x":1.0825194120407105,"y":1.6111314296722413,"z":0.9967612028121948},"rotation":{"x":0.004608905408531427,"y":-0.9948145747184753,"z":0.08826813101768494,"w":0.051365695893764499},"size":0.7574628591537476,"orthographic":false}