{"cameraMode":{"drawMode":0,"name":"Shaded","section":"Shading Mode"},"sceneLighting":false,"audioPlay":false,"sceneViewState":{"showFog":true,"showMaterialUpdate":false,"showSkybox":false,"showFlares":true,"showImageEffects":true,"showParticleSystems":true},"in2DMode":false,"pivot":{"x":-0.00022505223751068115,"y":0.4403873682022095,"z":-2.2351741790771486e-8},"rotation":{"x":0.004640211351215839,"y":-0.9954538941383362,"z":0.06729109585285187,"w":0.06788574159145355},"size":0.6713755130767822,"orthographic":false}