{"cameraMode":{"drawMode":0,"name":"Shaded","section":"Shading Mode"},"sceneLighting":true,"audioPlay":false,"sceneViewState":{"showFog":true,"showMaterialUpdate":false,"showSkybox":true,"showFlares":true,"showImageEffects":true,"showParticleSystems":true},"in2DMode":false,"pivot":{"x":1.7827727794647217,"y":2.7734384536743166,"z":1.41612708568573},"rotation":{"x":0.13444390892982484,"y":-0.6442426443099976,"z":0.11646461486816406,"w":0.7439621090888977},"size":1.2247449159622193,"orthographic":false}