{"cameraMode":{"drawMode":0,"name":"Shaded","section":"Shading Mode"},"sceneLighting":true,"audioPlay":false,"sceneViewState":{"showFog":true,"showMaterialUpdate":false,"showSkybox":true,"showFlares":true,"showImageEffects":true,"showParticleSystems":true},"in2DMode":false,"pivot":{"x":-2.12355899810791,"y":-8.821166038513184,"z":20.888044357299806},"rotation":{"x":-0.257683664560318,"y":0.12337397038936615,"z":-0.033171165734529498,"w":-0.95780348777771},"size":18.168954849243165,"orthographic":false}