{"cameraMode":{"drawMode":0,"name":"Shaded","section":"Shading Mode"},"sceneLighting":true,"audioPlay":false,"sceneViewState":{"showFog":true,"showMaterialUpdate":false,"showSkybox":true,"showFlares":true,"showImageEffects":true,"showParticleSystems":true},"in2DMode":false,"pivot":{"x":7.282491207122803,"y":43.981163024902347,"z":-52.52093505859375},"rotation":{"x":-0.13474752008914948,"y":0.048127006739377978,"z":-0.006632120348513126,"w":-0.9897854328155518},"size":9.88157844543457,"orthographic":false}