{"cameraMode":{"drawMode":0,"name":"Shaded","section":"Shading Mode"},"sceneLighting":true,"audioPlay":false,"sceneViewState":{"showFog":true,"showMaterialUpdate":false,"showSkybox":true,"showFlares":true,"showImageEffects":true,"showParticleSystems":true},"in2DMode":false,"pivot":{"x":-5.948982238769531,"y":6.363755226135254,"z":3.159972667694092},"rotation":{"x":0.06158190220594406,"y":-0.8772339820861816,"z":0.1163438931107521,"w":0.46199148893356326},"size":3.7175259590148927,"orthographic":false}